"2","Antonette","{task["completed"]}","{task["title"]}"
"2","Antonette","{task["completed"]}","{task["title"]}"
"2","Antonette","{task["completed"]}","{task["title"]}"
"2","Antonette","{task["completed"]}","{task["title"]}"
"2","Antonette","{task["completed"]}","{task["title"]}"
"2","Antonette","{task["completed"]}","{task["title"]}"
"2","Antonette","{task["completed"]}","{task["title"]}"
"2","Antonette","{task["completed"]}","{task["title"]}"
"2","Antonette","{task["completed"]}","{task["title"]}"
"2","Antonette","{task["completed"]}","{task["title"]}"
"2","Antonette","{task["completed"]}","{task["title"]}"
"2","Antonette","{task["completed"]}","{task["title"]}"
"2","Antonette","{task["completed"]}","{task["title"]}"
"2","Antonette","{task["completed"]}","{task["title"]}"
"2","Antonette","{task["completed"]}","{task["title"]}"
"2","Antonette","{task["completed"]}","{task["title"]}"
"2","Antonette","{task["completed"]}","{task["title"]}"
"2","Antonette","{task["completed"]}","{task["title"]}"
"2","Antonette","{task["completed"]}","{task["title"]}"
"2","Antonette","{task["completed"]}","{task["title"]}"
